"HolderAddress","Balance","PendingBalanceUpdate"
"0x00490ec0de016ec21286243ff0dd37832e8ef8a6","0.041359454","No"
"0x0060b173604908e5e2ac1e1c3bfd60bd58ef9626","0.044527649","No"
"0x01155f03b612bc40e6db8696ae47d54b91d96652","0.123341427","No"
"0x0127f1855a0c5116c4720ef728000d7f003ca015","4.570031806","No"
"0x018e608cbeecb4d5d129ebb9a2b9775a9d386b7e","0.737652694480722","No"
"0x01af3c594da33d8412ee666aa9274ff02470d9e3","0.351856559","No"
"0x01bacc9cdc5c6116549a5ed32d11ef631e4f3cd9","6.026415249","No"
"0x01d535b00d58b461470233a8bda48110c1578ae1","0.21349667","No"
"0x01fbc82266b44db08bb99bb0369277f2cfe18843","2","No"
"0x022ce1ba7437b0d6fa0fe798be9e0c6e1d3ea35d","0.115204655","No"
"0x0241afde789d809ea35131733c2e08760bde118d","0.197160126","No"
"0x025030560d35493160ef3a2c96c4786eb6481ad9","0.282455673","No"
"0x0277b1bfc2278f271001cd5e1c04458e6e1672da","0.095995937","No"
"0x02865f6835a33c9b58051d8562ae08fa147b58b2","2.190482974","No"
"0x02b2b1e1b67bd42c837c817dedbdd7e48c9f0821","0.169677173","No"
"0x0306f8948e6a01306298cc95b4aa86a4b225821a","0.016074776","No"
"0x031207bf251f74ae7652d962b8cfc5fcd3ea4e3e","0.179260194","No"
"0x032a86206c0b6e43b640ff0d408691368bc4c582","2.919459869","No"
"0x03525a3c7d8832f724d14d9f94e02f5e1c1be33c","0.141989037","No"
"0x03f2709df0f6e76abe3bd02c8b9b8de0dc381e5e","5.538507871","No"
"0x04362c4c327d6277cdf48d2e3e9c2914ab54db38","0.475130163","No"
"0x047f7ef13e273338141894225029769db9462443","0.047658648","No"
"0x052a2aea8c608d0617644a009821467e62ab7906","0.040414301","No"
"0x055781303a0874048ad607ac3dab991cb65453ae","0.528867406","No"
"0x058dd6e68052c1fd83f3e8186db56be8098f5dd6","0.33900465","No"
"0x05a7a6234699399f0151d151d541e2c78b539683","0.562936912","No"
"0x05ffa4033118bfe6e9f3b9b773045e385d17e599","0.232726401","No"
"0x0655b038ef4f3f6b8636e6aa454f83ca179ae5a6","0.4465857","No"
"0x065de23b4bf1bd85bed6a01ac61c3dc0ed62aafb","0.602770247","No"
"0x066a10ea39cb1fd72a7973439fcef719ac671f02","0.350263589","No"
"0x069eb374a16106e0d1c4a6215caa508b7ee0b3df","0.685971913","No"
"0x07618d73d71a9ad32e6cccac5acf70251e216c14","0.785217676","No"
"0x08adbc9aff593f92bf103bf5f447ddb5542bd62a","1.854902051","No"
"0x09255234cf347c72858150f1a629282ffb437545","4.141918646","No"
"0x093f68d439f8fb6c0ec623bc26e5c5d64ee5d799","5.334474195","No"
"0x097f9129cc3c41b03828c98893d11c5b1b37ffc5","0.012248184","No"
"0x09835fa549df512e878f0479a397507cc2d86f15","0.207326524","No"
"0x09db4d592aa6a411319dba2d045dfe07fb26e787","0.578110599","No"
"0x0a17e94aece3fee81b761f591837b1ecbae30126","0.070966003","No"
"0x0ae36efb384d090270f556d25adba7a8e0003f90","0.435379722","No"
"0x0ae61cceb207b5523826999214726f09b54bd38c","0.468231309","No"
"0x0aea418010e9626a9fe5da91bbaf151ace3ce565","0.296652673","No"
"0x0aeea9b7189a8ac14be74302fa884975d017e041","0.13451302","No"
"0x0b2ad34d918320069fe962582cfa9d5e42fd5c78","0.046173868","No"
"0x0b37508b3cffeaf81476c4406ce3a6b73862c3e0","0.277342865","No"
"0x0bf67cd5da0b8bbfea79aa49f99b026b3755f309","0.065755101","No"
"0x0c3351e968dfafbbd68f452cbe690cfb68d7b61f","0.150512586510824","No"
"0x0c49f760a5a6940b3f6c1c0d2235267f709c5f49","0.025962339","No"
"0x0c6456255c5d22d0811943415f6f31237485ad11","0.293358952","No"
"0x0c9c2621f3046f013b3d101bbc8593450d6356f9","0.168482243","No"
"0x0cab6b0510ce6bf301011c01c808b4337c8af44d","0.294585164","No"
"0x0d934d5e45764d22465e292356aa87db40435af8","0.142430083","No"
"0x0e9d55457753a3b6c58b0bb1891ca08cdcd69ec5","0.168227382","No"
"0x0eca21b4ade610503e03fe828174348d1797e538","0.204876335","No"
"0x0ed3a0889948e85fb7d7a1b729d9e492e2721419","0.070456925","No"
"0x0f0b3d8fc9bbd9231972c91717c4b54d39d0ce29","0.176639078","No"
"0x0fba9a4e1fb2f2899c3703afd5bfc306f15cc24d","2.747236337","No"
"0x106cd11e87b9e7344db3c817e8be18b036adf4ef","13.64557972","No"
"0x11d175eef73117555afcd893b822982ff7c824ca","0.806683412","No"
"0x11dad7146a64709812609207780099ee1b7178a1","1.664183052","No"
"0x122ed698b39926e206013ae3a0972d6bed59ae84","0.282607826","No"
"0x124c55404ff8ca1a02519a31a48e808d2f2cb20f","0.443027123306353","No"
"0x1265c88426e1678f2b1a507aee1ff71c2c73ac1b","0.031558384","No"
"0x128d5cd342d6e8ee71ade80f242c83451520fea9","0.557917578","No"
"0x13023fdd5bdbc119f7fb9454d6ceb937eb24a0f2","0.163276353","No"
"0x1326a1898aa21233603ebe0dea1a56aa8405a618","0.145021305","No"
"0x13285463f7ec210454b56fde2c84ed3a78620770","0.104834289","No"
"0x1385943af044c14ebf05ee2f0e9c0590d2d75077","0.014858853","No"
"0x139c3fe8ef0f242507168c76bfcfe769cf905688","4.25463207566604","No"
"0x13a1de00b22e01a341e325f9c049a729b096ecb4","0.085281939","No"
"0x143bb3febee962e2f7f52a889956c470136fa7ec","44.8506753734501","No"
"0x14c2993fe4ed0afd09cfc8b91336e54cd885d2c3","0.02029935","No"
"0x14e81a99adff2f06accba3ff6015f301405be61b","0.203405967","No"
"0x14f338fbb200375dc6b9ef016ce05122a76d6799","0.09631258","No"
"0x1543c3446f436576417490a647987199685e0b8d","0.019439641","No"
"0x15adc46e9e13233a9cb33b4487289648697191f3","3.771466577","No"
"0x15e1cba676ed3adb5ed1064fe2c731a378835cf0","0.208419986","No"
"0x15eb06f8db04c294523de7cb222cc4dbed2448a1","0.14949623","No"
"0x1611bde20ad29f912629ed020525fcd18f6a2236","0.113989446","No"
"0x169a5e9c155523f840731db1974f8002712a684b","0.678013588","No"
"0x16affc3975a8b74efb1c42a8d47a9d7f155f0645","0.067019607","No"
"0x16e8a90978a318de44c46c2c21d0f70775fe002f","0.073094951","No"
"0x180b6d85dbaccaeca7c19669651e15fb7a4125cb","0.156498632","No"
"0x1911c6fc35beb22ce987d86230cc9d0bb261b60f","0.83481129","No"
"0x193e39b436bfa14a78ba67dc41d6388b1e419391","0.111008158","No"
"0x195db469af5df589f71d407692db084ad6028dc9","0.321058984","No"
"0x197a0fa6c02e13c7cfd2f31e98fbd37c0d16dcc7","0.239863589","No"
"0x19c061ed8653d2c7a1ae556b656dfdde61ed9525","17.53871619","No"
"0x19ca21cd8dfb5d6068280472addc225a2e173311","0.100338056","No"
"0x19d8ce01af901aa27214d9e040b3eb91791a5f97","0.136351245","No"
"0x1a7e659002cc19274ade1f32d1227182bfef4655","0.049516044","No"
"0x1b6962b8692f8c1b7de8f827aa265438c275038c","0.668441309","No"
"0x1b879a122ef6c87a45801b3a4de0f6e274e9083b","0.728005354","No"
"0x1ba4588bb9d3aa24c45b34eda05b6e02530e111f","0.166218051","No"
"0x1bb2a5462fbdc365dae67ecf208d7f10f72f938e","0.68038314","No"
"0x1c180075ef61ba11c027cf0d709ee570f9a7cbf6","1.564089547","No"
"0x1c83ea2820ebd0b9686ca6c8046ee1c4b2fb916f","0.390863501","No"
"0x1ca8e50a96c2f433b7b4180160c1554ebc4906af","0.294196477","No"
"0x1d9b9f717ca89528050e39346e72a43538984a1b","2.80986076425201","No"
"0x1dfe5c85dd1b1257a41eb6eae6ef3e098c5b3340","0.047017643","No"
"0x1e10e58f3e409b5c8862e7e55aee78e71dd6902a","0.078909038","No"
"0x1e531d6a5fe8da13a0f01670a578117f6bc177c5","15.2872918837475","No"
"0x1eb697f280cf4b18f8fb378176432eb7a9c3dd71","0.985550374","No"
"0x1ee72c3f2f1b2bb26ba607eb4d26ae01af5ec3d9","2.363007937","No"
"0x1eed7c7cdfa438519b33575349e5b5f8c5d24d7c","0.7037108","No"
"0x1ef9d2b39063993d0752b6ab637b903013a98c18","0.018889388","No"
"0x1f2dfad46926923d179c82f2b77518eb294f95bd","0.844298643","No"
"0x1f8aa996b51e28f4174bb4c23aed975e54369e7a","0.242437559","No"
"0x1fa338ae96db214a84d736807ed08ad2a573b412","0.159496618","No"
"0x20166b0af98ee6a050664613f24b0126a175046e","0.234105639","No"
"0x2060cef87e2f83a8fe1093b5865444b90e34192d","3.934599993","No"
"0x211c7890705362b03555840c60c7a9a48dfdebff","2.187383092","No"
"0x213ffe59582395c9c4b6b0d8783e6cb132157f51","0.102691223","No"
"0x216f008da5e99e7fcad083c2fe61588675c28f60","0.325687914708376","No"
"0x22160817c55af80be4d612d703d7240686d79ead","0.142833914","No"
"0x221c6deabbab8e75762adfd34638bd4395c9cd24","0.061940815","No"
"0x2233199eba5974dbdae2bba87dd17e34a22ca668","0.006350793","No"
"0x2234f2115ea27abe6276f56145f699ea5ea7d1f8","4.722091255","No"
"0x22409f93ac23ec7df501963b386dee6a55421750","0.01025754","No"
"0x230fdde720bc11ff61f9aeb8790047e429827263","0.108594494","No"
"0x245c6c4be05464850d789c886864257e4d4c5741","0.655280171","No"
"0x24b916d0076ddde0ef2df8911b69561678a782d9","0.16632992","No"
"0x24bd155d4994b99623a2fa5b8cb8bd704e51239f","49.4482014332217","No"
"0x24c27c56f14f80718988f340683abc87b196ca91","0.132664196","No"
"0x256dd4241fb28b325466ed1c443171c6830fdf98","0.074966287","No"
"0x257f7b6c3a6ceac8c259699cb3902091fa270dd4","0.0995130378460112","No"
"0x25f0858a6b820fba7c69beb79660250c010337db","0.113603571","No"
"0x25fde0dfbdcfb68f087b89c6bbeea29d979500c5","0.056287376","No"
"0x26a1d39a8a282b270e9a5c95d63ec34365e904a2","0.347981056","No"
"0x271454bd8736f25a62412eb512bdebb10da1a6b1","0.062265415","No"
"0x27326f5e216d10b67ef1800d321b1d1759efae16","0.01001889","No"
"0x275ead52fe765fbe0ff8837c7b2a08cc685c106b","0.263285263","No"
"0x27daf3534e7a1c593c9f443a99d2b03529bb5b82","1.769181017","No"
"0x281ddfc091c033c1165b3a5668f799ebf67223e7","0.473792664","No"
"0x28e876b0243f9709df2136d0e7bce72b255de2db","0.58658345","No"
"0x2924c83493b485d2a66c69fec92f4b7cf4af46c5","0.162690436","No"
"0x2931a503cd6b942219ac99464181e9ab87d1f630","18.095219652818","No"
"0x299950ed5ae28a3bb3bfa46ade17208c57426ce4","0.257084735043722","No"
"0x29e2b54926c307b605fce06e36eb4510b25cd06c","0.121829344","No"
"0x29e63f6b1328195c9e16477ad5b0c645849b479a","0.20311757","No"
"0x2a286de25009b19c7563215a1ea43c324c1844c9","0.096774157","No"
"0x2b17410b061d7e2b696ff73692dd0f124388499e","0.006403944","No"
"0x2bca8c1c3a63ce6736f77e13624818d91a785a87","2.995897491","No"
"0x2c0fc1c8f97c730309e40d34e6c86601fa4a447b","0.009325513","No"
"0x2c2024a03923eea2ab4a1fec1ae859feefe1e034","0.42604577","No"
"0x2c7c943d2d83946ec6c9d547b766297c79091bc3","1.840335497","No"
"0x2c85f46339474fb21d38c585421c2022d976a26a","1.542471636","No"
"0x2cac26aa18aae26a7f5936c4265d5e25eb219e9c","0.270801504","No"
"0x2d15aedf7310293744c2504f0779b032db86aa05","0.040641824","No"
"0x2d3aeb888e7f171998391a25478695d170e839d9","0.606169472","No"
"0x2d6d0efe0c270e85813603ba1787ea2b94ce63f5","0.169161888","No"
"0x2d8a41bdf1bfc4d194109f21f9562af1e1f2f307","0.033619925","No"
"0x2e748be62b41d0f7d44a1af6cb42d7dcac8f7d43","2.567216108","No"
"0x2ef589d98fdde30160b0532cbac8b19179b3b6f2","2.217037305","No"
"0x2ef634c32dfd1535452fa27c7da4ce1715b4c603","0.022290036","No"
"0x2f5b62b1fc025ac53690d339064ebc01b4a1f138","0.01457883","No"
"0x2f8f613aa437da1caeeb57d82d7dc0c958e04486","0.058901303","No"
"0x2f99ead12e641535cc3a67a7ecf02fd8c3c132b5","0.691587157","No"
"0x2f9d7b5ac943af78fcfce74fad17b5dbbf3cface","0.070565544","No"
"0x2fb2e965c9f3d112e4d1595723501d46081b758e","0.106535814","No"
"0x3033849fec2797443435b3503830f457c92cc4fc","1.183756346","No"
"0x306a76cc320e12033902fbf0de2fc09f3dca0453","6.681714341","No"
"0x308494c84a07a52dc6f84dbba560edaf421efb8a","3.062145129","No"
"0x30f0e0eb6f2888562974740c343bca1a2f1961fe","0.278594134","No"
"0x3116d71a2db88b1e9f4d4e4587f4b5664630d6e3","0.032624716","No"
"0x31786101b8b76acf82067256f485deb60422ead1","0.585969501","No"
"0x32b3eea90146389566b058ef0e556c9973c1aeee","0.307336597","No"
"0x32ffb05945d54a0520a9fd39e57f6632a1b31b68","0.088160441","No"
"0x338027523e47c4fc4d6b023824403af7b32e9301","0.316089607","No"
"0x3393d235b40f63683d334cf43bdf6f41ec208bcf","0.084014308","No"
"0x3396a212719ed155dde3d3c3af9bcf45f7d3bf58","0.032265953","No"
"0x339c3d5f6e2a3cae2bdaeb192aaddf64085f0837","0.194445266","No"
"0x33c7636d6f09938a3a81de9ee0bb024572d4f6ad","0.053593928","No"
"0x33d145bf918f111098c08b10d003aec7c50a0c34","0.664821182807573","No"
"0x33d2c936cc0f55c8276e541e74e73aee0be96e92","1.672908393","No"
"0x33ee7abef0046b797875fc8ce9e61c3cb8d8691a","0.021243549","No"
"0x3417d592c72cff67aa9747664ca2a14dbf7fd32a","4.387647898","No"
"0x3422f1e20074fe8a12a59c8288da83765361d058","10","No"
"0x34540ffd372b9edee73f4674abc43b47c9228245","0.239138113","No"
"0x3462928c6adf687ee7d9fd05e37716cd14919775","0.030561946","No"
"0x348db33df0ed5f3748bda4a9d5d35ed0cfdb1fc6","0.026179834","No"
"0x35108d1a99c6338feb81eeeba146c91d7e1f387b","0.089851622","No"
"0x35534da19a72052cb4bd4d7b3619142feb629261","1.510657851","No"
"0x35857b21cc9e3a5401ad31001196094783265476","3.054037975","No"
"0x35cc84fb3d10bf51158dc418c2dc34c25e3a4891","1.030899724","No"
"0x360a673129a1531f60350cac849693f8e26f1ecd","1.005479392","No"
"0x362f7d5a5a90d5052020b201c8c1abcd5bfcd862","0.031503575","No"
"0x36543d9ea349fce17bfec2c1bc2685958c7f7d87","1.956257067","No"
"0x36d7e383dc0a04040cfd6a6cf659f1bd7d3470da","0.577493666","No"
"0x3724fe328fb472c56ba9df3c09a0efd5f9a4761a","0.210236849","No"
"0x373e03c2b831c9fa21a141b108131344195f218d","3.31732689","No"
"0x3779ab301c839e3ad861deccd8284832d4cedef3","0.075821471","No"
"0x3780429560abaac202b22e07402e33b871ef52e9","1.993963952","No"
"0x3873760aa368637a24cc4fead825992f57e52e5e","0.023755749","No"
"0x38817b7d538f93565406f65b023a83468ec478eb","0.277686658","No"
"0x394388c688c647b9ba9b65f2240508ff9ace0af6","23.9224149689025","No"
"0x398658dd64bb73b9ee9974cd88546a47bcac3262","0.290894151","No"
"0x3a5d7eff1ff7835d36cb3a370928f177779a2c18","0.488658529","No"
"0x3aa3cf9070d14e7484d14dfc45601e004dcebd90","156.51525773336","No"
"0x3b12b2f336f137c2f4e5d968bf78d5220deecd67","3.533965258","No"
"0x3b29e7867f6e90c437891a52ccb73b87b91c0e0a","4.94239461101784","No"
"0x3b50f82c926c4838be644ea224fb6a529a67a3ba","0.044855008","No"
"0x3badb7bc83c02a25f2385d486b65624dde2b9018","0.114955751","No"
"0x3bb321ce5093750781fa387c5c7e2444ca6c09ab","0.40917678","No"
"0x3bce6df758c8e9c4ed2a4b0805d75cd67c657608","0.641874175","No"
"0x3c2e531cbacc8f6324a4cfb2b6b3372065395d51","0.725317059","No"
"0x3c4804037f1d480873d500172ddfa09086a9514f","0.089922941124539","No"
"0x3c5bec233a7558cf2cf589660b01695fab6b66f4","0.186175183","No"
"0x3c6973b7180b4c7e9f54ec356b2fc33d7e538d06","0.088235031","No"
"0x3c6b536713e825320e23c142096e899a23bc3366","0.70420462","No"
"0x3c718b5b644c16567eede47aaed9772bb32a72dc","0.690452445","No"
"0x3cc06bf5992c8a91e94e3a25c0326f5c9bba8d53","0.377168658","No"
"0x3cc6c4c604fb1ef03f507edf9aade790d0ff6249","0.332258874152032","No"
"0x3ccd007aecf3110c1e397a2d97d976b6b4305ea4","4.230515853","No"
"0x3d111220b29e6f0494783cde07315014d94918ca","0.104166333","No"
"0x3d62a92f0000177f3c6db4d4dbde7384abff736b","3.1317559470429","No"
"0x3dfa5b6ed1edd443b7636879136273038d62449d","0.119744853","No"
"0x3edc76cc472625618ad89bd19ce7d8234eb5e7ef","2.01151324054188","No"
"0x3f490015d29aa60e8fc0fecc735f1076645866b3","0.030608253","No"
"0x3f7a12cdc109d113a0a1e8d8279e51a1730f74d2","0.214650296","No"
"0x401aeabdf006358138735833e79984cfe800e9e7","0.165560825","No"
"0x40e34165b61c7ed9f8d370e9b669bb2f37d0ebf4","0.157374737","No"
"0x40f738be142537c3d448cb3663083b8a64a3a65c","0.062044019","No"
"0x41967718a5e05cb23fe53df9a75a6224e0783ab6","0.057750205","No"
"0x4197de2d007780001cd53784934451f61943222a","0.069560623","No"
"0x41d85d603c680461869eb7fa66317230319fdbe5","0.077739718","No"
"0x41f3c3b2e1bdef4343d23aaf8985ce85b8f49259","0.068597713","No"
"0x42075722d8bb5ed0fa6643e6434df835f8f06989","0.561730108","No"
"0x425aea632129753ed5c1ac8438bc25e288bf4e09","0.076221112","No"
"0x428072f8ed4a2773f1307906f08703aea050d147","0.102741882","No"
"0x42c1905bbe243cc125cc7426381309748091f250","1.106456426","No"
"0x4307c8a2840c1ac0027da6f8fbe4f9ef56b42b8d","3.923698963","No"
"0x431d3b902a2cf82cc197edb942bf6edfdf15589d","0.075783574","No"
"0x43362856b5263c27a0bc33a14f005890c1956899","0.018760245","No"
"0x43590a840aaa9ebf61d84174b34399b9cee95727","5.54948819866426","No"
"0x4370fcbff63249b38af34ed91ec46c7fc6f98660","0.338322803","No"
"0x43a62d5285094342c349f5dc059e8b11ca912c48","1.366915732","No"
"0x43f158b4d4eed86cb1799973ae49aba9cba0dcf6","1.13067187","No"
"0x43fc908f54a12d97e9345aac2e34a4577c2bcb00","0.521659361274874","No"
"0x44b3ff2ba57f259d53abb981bc8d4a372c02da1c","0.253092179","No"
"0x457e14cff33ddd5993e803c94ae9fc0de67a3750","2.457806561","No"
"0x45a7afc322e08eda4cdf731d289db60b5824a7b0","1.288694409","No"
"0x4618fa80e04a37307178784fd621feb6ab7172b6","0.34840016","No"
"0x46b2351bfd84f5446ae07ca432a6e64456f3e90d","0.271484498","No"
"0x46fb14abfa219a607ecc4ace3e3216c6152438fc","0.054809406","No"
"0x471098478ee471159c274dcc334e94e185d6fcac","0.382412848","No"
"0x472f03101932a46fbb7b619c2c39697427ef728b","0.077979426","No"
"0x4753230b11e9fb0ae585925e020ea3fe35331e7e","0.522610969","No"
"0x478cf49f57542cc306c87e5a22bb42141989b59b","1.608311866","No"
"0x47d20681fb30ca3c27f30c80ec338a345107258d","0.607098453","No"
"0x48c2aaf5c91917364ac987cfe95e24b0bfb3c112","0.413388491","No"
"0x48c647aa966cd1cd6baf03b4c5344fff87822c94","0.033872525","No"
"0x4939d3ada7163acd2e1ab151a6b512268050db66","0.020037493","No"
"0x49526a6a01b8945600d42e78df63d96341179451","3.452742461","No"
"0x4959d4a9b61000d803b65be8287077799edcd075","0.584369145","No"
"0x49c43d90e7b062f26cb5ce4d923bbf03ee5cbc92","0.301661589","No"
"0x4ab55167ac9269a5b5813fc51f713f5fb5031fa4","0.082782754","No"
"0x4af9e6d25df3bbddb546857b14b8b700e1c5b2f0","0.155397409","No"
"0x4b5440d5414c9859c716a6e6a89e434979fc990a","0.143947937","No"
"0x4bf75b9ef21494f3ac868ad79ad296881246eaac","0.871206027","No"
"0x4c6f1b1ba1cb41136c58c0e2282fd769f56f0108","2.348251631","No"
"0x4c8ac6960a0a4be45fdeca43131ced302a1d05f8","0.488252976","No"
"0x4ccf37b1d99cb5a4adba74c0c3f6687c39b26121","0.17464348","No"
"0x4cebb23623623cdba236ac33d86f9f58436bae4e","0.082184421","No"
"0x4d5e82a68a05b382f02287ec24134b3bca312c54","1.353571331","No"
"0x4d87709c518771e705bfb378dabdc4c632efbb70","0.153119086","No"
"0x4e0e556ec718608687487896fcaebb6a4f933ac0","0.035715222","No"
"0x4e204ab6caf61285e3d2bf8a62e2b7ca589db819","4.292269194","No"
"0x4e2662e270ed2afba53a24d706a9c1da79a45b52","0.161989235","No"
"0x4ede3653957b5b45f81709ed7692e6df63edaa20","0.33906601","No"
"0x4f0ff5e3b3fd17ebd3628f4da57b32c964baa5ab","5.294650372","No"
"0x4f6a2d0c825d53ba75c82be96494cbcdb13786f2","0.09433884","No"
"0x4fab58d22ff67bfd14245e44fc39402c10280926","5.994279174","No"
"0x4fd43b2eea4353b3b6d6839edfc7840b91fdc4f4","0.101195176","No"
"0x50bc7f10c890692d97813b7e1594f8ad53754e44","0.219941058","No"
"0x51458f44f35ae8af27e609090f9951042a6f0455","0.026328696","No"
"0x51975719c49dec490feac8922098ab9d81304cc2","0.28373176","No"
"0x51c3a01bffc7efef145666f323656b4d8e5465b2","1.881613348","No"
"0x51c3b28f6d51686f4fac2345e023d1222ade58d0","0.141464103","No"
"0x524ea25529075996f641333e663c216039643833","0.022590851","No"
"0x52a6f524ee7c6ddaf6cbfe6c052a51c1b2131dc6","1.701060053","No"
"0x52af44e47f8e731384045f591b97ccf1a95c6d78","0.030950987","No"
"0x52d42f740751d13c5da19badbbb8d122f900f484","0.477172649","No"
"0x53aa057146197cc2d1c8fafabb81bca0a2bf1bf1","1.17435549875486","No"
"0x549024e99ca254bba18c6818c3cc89cfdf457476","1.132909931","No"
"0x5494c6e56be15a8e040ec9e7eaabf2839a3d0e8d","1.638924864","No"
"0x557c3a51fd6d1e02326353e5f0a2be27dcb5625f","2.113121729","No"
"0x5584541f0fd8561455c211e10b5c9750fdd62fbb","0.181751055","No"
"0x5587b0ff59aa9a4c25d09fe9ecf4e3fdd5b96062","0.132347746","No"
"0x559722ccddddbecee0bfaf7bc6383500cfcf94cd","0.658981107","No"
"0x566d960289571dc6e081b8d6204a4c76bb02499a","0.05638044","No"
"0x569a3fb2e5f54ba17dfbb98e256e2cd438aecb57","0.028852795","No"
"0x56c209f3238084cd9c2dce94d451ef7fa2676af1","0.074092572","No"
"0x570e163e0831bcdaebb067d817b018604f4e9fae","0.781318269","No"
"0x57f44b83577c9dd91dba05a24b133b27d78a69e2","0.477910848","No"
"0x58adffcb1b9d251de39124ce31f77e47dde98045","0.2044124","No"
"0x58b6c03b55bd38185bf476aac5aa9ebcd2937ace","0.222302981","No"
"0x58bf3ad58d32e35c7089228d86ab136cc99c64ab","0.070717911","No"
"0x5915729f898b09172f50f346fabc7ea1f102000f","0.02571251","No"
"0x594b89dedded3cc2869692056291b37c339df427","0.312694831085744","No"
"0x594bfadc9d3f522a7f6ccf1ef2be7c1807bf7419","0.444149655","No"
"0x5954adf861529a450901135c825a0da74a030fe8","0.943232815","No"
"0x59dced55cb1d92c14b0cb2ee20b7f9197c2edfb3","0.038454387","No"
"0x5a037c903c875783c10c1fa7066126d4f89d4eaf","0.021093422","No"
"0x5a223cf64f95214032d239ed49a6c91eb43d676c","0.234323681","No"
"0x5ae7131e17878cbeabb51b50d7c879865ad7fa8c","2.076050709","No"
"0x5aed6519ace0d54ac59fbae2544189f91b144c28","0.347171063","No"
"0x5b25060849c1a66adfb80a0f88e8cbd83be0e629","0.041773425","No"
"0x5bed0eb0f9818549c5e977021982972020362c46","0.693705327","No"
"0x5c584c352f6c21d1f12721531c9b141b247b580a","0.638358445","No"
"0x5c7c790d0b13e79bf0e36b4a77abb65e5652ae6a","0.173806281","No"
"0x5d1179ab08e111f521098e4db3085b2359a9b0bf","0.068174578","No"
"0x5d63823df817e579d40ead59a29664c22038a72e","0.675206814093425","No"
"0x5dfbc0534e4d8f262d3bff0cade190ac1bb0778e","0.028438169","No"
"0x5e783db31326e68e198ca15ff6d49bcfc91dc71d","8.70610152976774","No"
"0x5ed53e78e2b67c0e4a4007116f719235726b3202","0.928765747","No"
"0x5f7aa209df64e7b9d256bbc7fa4a82edb04995eb","0.047412227","No"
"0x60164c79812e204ae2eafa364a2466ceffab7e8d","0.095718258","No"
"0x606bf6d36f69dcf8db49ad419f157ba0d119c7c6","0.143634228","No"
"0x60ea968057306bd54358e0d08c73ee4bc2c069c9","0.919809742","No"
"0x613dad58bf43b52fe31fc4aa01c2775b74da2c0a","14.0759053341593","No"
"0x617f0e1a6a15b69921572699fd35f050d085a83d","0.181218526","No"
"0x61b8c19d5c72196444eaf4caac855c5df98b5895","0.188219008","No"
"0x61ee21083895c08d971ee0ddd4672e1e89e5e201","0.069876429","No"
"0x626939f638ddf02264ed29e57b39a776341add38","0.103956615","No"
"0x629b0a17782d41452ee6d12138ac0023d51a23bd","0.028252658","No"
"0x62fe831d85c8b1548997b6a36a95d69e4966d1a0","3.684151502","No"
"0x631088af5a770bee50ffa7dd5dc18994616dc1ff","0.352040153","No"
"0x633869d0084e9c6eb43247b549807ab4fbfc40c3","0.069076956","No"
"0x63dc7162437eccbdf3ec388ed4703dd87a087d35","0.625470149","No"
"0x64488a62c17e12395745b50328f1e3310ce9bc26","0.241997747","No"
"0x649df15d35b7f36b68751e464a04ea74abc7b77e","0.280874276098426","No"
"0x64f057202a886d52577c10056eab6cffb7073841","0.066512826","No"
"0x650f3d79b086db44472cee9a6de67bf22a00a97e","2.195338427","No"
"0x651d32209f5d4d29c123b8b9e2c3b409f1db261f","6.764255297","No"
"0x659e7ab75c1445706e7bfc709d80f3519c6e98e6","0.037339218","No"
"0x65b8f3c054e36e3e792463b996901aec979cc9b2","0.160022466","No"
"0x661f5b0386a460d4854284686b4029f25e5cf35b","3.238076461","No"
"0x6641e0db0e10a364c4afcc4f8bba6cf67c8145f0","0.209326764","No"
"0x66a1e4ea9f6b3a0cfb35807eea2e55dec7678667","1.525453448","No"
"0x67c5bffe0391e21e913eaad433b11fa38a477ea9","0.10282253","No"
"0x67d882f7c6b15d33a82885b79a9985abaf6ab9bb","0.077405216","No"
"0x67e75255331b9ee66b5c07dc6b1972ad76efc73c","17.84127338","No"
"0x680d2de776948522efa322656ec64c2054ea0991","0.644178494","No"
"0x6826e289203717de8685708179c1591ad8b8df5d","1.362892354","No"
"0x684c5cd85bc40b6cb5e98bdd2161220273c9b4b4","9.211915374","No"
"0x68d8c644b66e99bda8eb726ac95a5b7789b6bf89","0.113319332","No"
"0x692a05a528e46e8a61a42fe73be4813c218bee6f","2.49931168708696","No"
"0x6a03d266f353d3d48b63b3f77cab9945a70c53ee","0.392961143","No"
"0x6abe10c5ed9f59ec3b0b5a3d82968473d517332a","1.377274902","No"
"0x6b4e5eb0e67fea8be0ead35e0e6339fbbf105fe7","0.154920601","No"
"0x6b61bbb508bf1c23802e78b22bc239cf7fdcbd76","0.1047382","No"
"0x6b995e6de6f04c21c9eb6dcd26656d41665cf41b","0.186525634","No"
"0x6be6a43292aff9b1f44c94f45e5afe58da02f155","1.19262256","No"
"0x6be6ec375fd5693cf47833ae81ebc365345d83d2","0.41565062","No"
"0x6c2edee302ab12919ff90e64431c3cba9418c207","4.554324456","No"
"0x6c58448d4b7cab78c6966ec1ca1f6c63baa5e425","7","No"
"0x6c7799af311ac2263a64a983f3aa5fc1e2e42577","0.069842073","No"
"0x6cbe8bbd293df9070501f52850d0d5ad253c79e0","117.329160324709","No"
"0x6d7384ec057a5e11234d660d909f2d2bf5253b21","0.504450361","No"
"0x6d95b01f5f3a160844ef35dda278c0be84760ba9","0.496628176","No"
"0x6d9cbf4878bd42cf61a909a46c0ee7ccdd83483f","0.380775951","No"
"0x6e205a212e0861464f1594921fff50a07ec199ec","0.082012274","No"
"0x6e63e60e78f16a7c4a3a2b156b5c7faa441fea37","0.487908795","No"
"0x6e952cb093b97889eedef879a7215fc12745755e","0.55548506","No"
"0x6f415bf4096f8e6e03249823cd4626f3559d7015","0.378676972","No"
"0x6f9738c9621eccef212ec3514f50f6a8f49ef07e","0.213783555","No"
"0x6fb21fe2ee17559693bb61df8144d074d13a9cf5","2.670709586","No"
"0x6fb3c93b6de6090427c94ccf98857e0358a33ec4","0.129391144","No"
"0x6ff36288c8dc3d1b372f5bc37d2cd5e4ff9fbd2c","0.162672038","No"
"0x7048d595e7847f422c454fd876111e3e37626cd8","0.298030438","No"
"0x711b42f8b88147a1b7bf35558fd4b63d6214e80d","0.00841543","No"
"0x71b70924279fe84b6e30519f8fd49a1085102960","0.645750251","No"
"0x71d9120f627be9d16fc0b7098494ece3a376640f","0.398366778","No"
"0x71fb168cfba3368fd11d3c4e9c927d2e68db1310","0.676645","No"
"0x721fb309c242ffc2c51886393e4e3e4d1198d844","0.012628398","No"
"0x7243f2d0e0592e1f6f62f96d981a05b8d4245245","0.21496987","No"
"0x728b3492aec8f9ee1bd5cfc7ad96bfa02baab926","0.396165708","No"
"0x72bc237cf598505dc00d4fcc23b1663e206455a9","0.283744716","No"
"0x72db78570a27a0125b322ade53e1900368bb615e","0.112534276","No"
"0x72f29119fac7adcdd1ded73c8d475344ce8ff188","0.122278043","No"
"0x734823f8f772da106e202d36d3097afb03240cc2","0.469235566","No"
"0x73bde55abfac5aa346af1f027c5c239462c905db","0.090563284","No"
"0x74425cd2c927068b1090f2d6cc95dfc13d19cea5","0.480109363","No"
"0x7468763cea06fd6bb1fb550a0aeace984868386a","0.0196598","No"
"0x746b6f4cf679eaa3c24d95588579e3083bd41ba8","0.231220909","No"
"0x74da5755b503f37e45df8dd42dc5f4ec79f8dc24","0.256332804","No"
"0x75876d673387d936c294e5408adddf7f3140a013","0.899774228","No"
"0x75925cce2a040c83ffbb19b6ab88fdae85344288","0.416504569","No"
"0x75c98e92eac409963e27efc75d2bf556d8a7878f","0.540272324","No"
"0x7753f3179ee35bd06488cbf4af6535ba85d2933b","1.35329","No"
"0x77c35a443b7124f5134c5fc0b6c3eb65ef99fbaa","0.981522441","No"
"0x77cbf5a0ed1ff7b98178ee64148dd85660bb1d60","0.139794452","No"
"0x77e9394f1752b64a9c40295ea4e3265264e0d459","0.352169243","No"
"0x7802ed0a1c33044c4a9b9f2445226469354ac245","4.947589453","No"
"0x781bae54ec1ce95c42adc10646e6786820eaebf1","1.83117664","No"
"0x7841b0942cde5cb82c9a42a402ce710627ff3f83","0.439928419","No"
"0x7842dd9b5a763e815a53f8ff7a11924c32c4dcc1","1.000074061","No"
"0x787e00ba5dc5d618828a3cda73589e274eeb2e32","1.901479503","No"
"0x788b4ea5ba662b40592aae94407aa84406742482","0.033535817","No"
"0x78afcca1abfd89f0e4f3e72fb7f613dee1372981","0.019195755","No"
"0x78b5fb8f749340ab8e388e4f95385e398acdd7b9","0.069622207","No"
"0x78df566c7ae45d8c35536e5c59c3f4797f4f0a00","0.244099545","No"
"0x78ed09d9df0a1320f70592766575f5658865db54","0.158421156","No"
"0x79a3d7c66d23fbbadbbb479a673bcf19dbf7972f","0.014121828","No"
"0x79b7443f4dc3444358c659b86f8aa6575a8b923d","0.278197724","No"
"0x79f3f9bc308eb79d00c068bbb1c7bb268fa6d037","0.074953559","No"
"0x7a2223c939e9c09026fde10c1c1bacf2d9155889","0.32401599","No"
"0x7a30950df66f0d998094048e88f2ac6d3ac1e687","2.843188911","No"
"0x7a5ed2072e4ed1206b9e5aa1c031ffb4d906a014","2","No"
"0x7a8bd204c40eeb1252516dc1277e4c61793dbb79","0.467508832","No"
"0x7acad63e4110567560cb8c05ce87e4a287352c8d","0.406092409922858","No"
"0x7b6a40b594bd2d8c8afdcf9845d7cf0b38f5a8b6","0.214030433","No"
"0x7bed36ac200693e3da02844177fcbed20532c17a","0.820310381","No"
"0x7cc9cfd61954002e21514633863c354c86d00e16","0.110631467","No"
"0x7ccdd98a51b6ec1241e7d02a2fafbb014573ca2b","0.420825467","No"
"0x7cd746753d9806b0ef886d19e91738cc55307859","0.425638402585292","No"
"0x7d244d8a1158c08867ad67ef80da35d1b327a88c","0.3","No"
"0x7d3a607b1724b84f10767880d48f19016e94a902","1.17068338503089","No"
"0x7d4f8cc7eda3fc78537aba5379a5424ec75d5773","0.148651516","No"
"0x7d632599c652118a0fbc1e87eca509f1cf482cae","0.515089897899529","No"
"0x7e410f8469018baf57e8c906a900e8d454aaa001","1.086272494","No"
"0x7e893598754a1eea1ef3a0eb92609d94b8914c08","0.384510353","No"
"0x7ebeafc015e0bf1dcda0f2693981344ea78589e6","94.791304531866","No"
"0x7eca9b5ed9dba30b82c80b071231895fdf8111ee","1.756502985","No"
"0x7efed449a997cb9ef1ab4ffd67c1f025cde4ddb8","0.278526999","No"
"0x7f02c81d915d1430d2a96e5ed95efa461e72c5e5","1.492570476","No"
"0x7f697d2805c1eab63e869b78766bf2c993647a2f","0.340451067","No"
"0x7fc165c5d8cd90cd9500f4a0ac33692a1d6969dd","0.220165233","No"
"0x80025d1b3e54eb790920dcdc16296761e68ac270","0.82895649","No"
"0x80431c964cb1f50a27dd41b5f3ce178ffe446009","0.05220158","No"
"0x80559e427bd15c5dde4fc2645a9649172b4e028e","0.516515718","No"
"0x8124adb89d059ae33a8c249b60b168727772b4f0","1.362173047","No"
"0x818d546b51d95bc85ae7a777b85d821b05fd14d1","0.048077425","No"
"0x81c695d3a41cd25c7ea03013a8e9c5e41379b46a","0.201167463","No"
"0x8200b89ec2cf54285497cb1932328c256feb7e3c","0.507307359","No"
"0x820aa537ce60546259b255a04a6f2682d1e32ee5","0.094768083","No"
"0x82958cbd35693f681c156c27886caf574d0add09","0.280452896","No"
"0x82a27801223d13d45fe261639f83a41272622da3","39.476196796","No"
"0x82e90a81506b0bd2d126cbc486985a27d712cd2b","0.10678807","No"
"0x832ddef88f913314fd57076ce3d3e169659a99e7","4.00180344330681","No"
"0x832e10d9a8c0d0b9d5d2c03840bc44fc3ea0704f","1.3262242","No"
"0x8335b0cb70450d796f66ab505f882c6df1eef8c3","0.09731838","No"
"0x8391e7577d19da285b8139891c401a70bb7eb0d5","1.438922215","No"
"0x83d9c2c6149d3e784e37f0dc3f2c35df9f2636f4","0.0772473421616264","No"
"0x83e9199b6bd39988c0e02d108002ac9a2632090a","1.235661205","No"
"0x84beabc38f529fcbf0e4d581a2ae4b9eb9b9a290","0.65","No"
"0x850027bfb843d434e9a71d1fe96c105ef6e689f2","1.153534781","No"
"0x859b73fb708e687d7957db89fbfa8341b3505c0c","0.203044787","No"
"0x85d9863076f49a2cd0bbeefd1d9a3c9dbab0a383","0.070454908","No"
"0x85dae95fa2f90cbabe69f073e397a1a871b57064","0.714403744","No"
"0x8633049b5f92773cb0036df0ff6e61fee7fc5d75","0.07137925","No"
"0x8633cdad3519139a5296f0f4e6fa1c31ea22ab54","6.029483686","No"
"0x865d05668d1cd5461a5c0329857b00b5af462f68","0.371116379","No"
"0x86d3a082d0375d973cc951c4c2a1a0552854c048","0.385616381","No"
"0x86edfe1ee8d9960563db7892d57d8c6dc19f5106","0.214344311","No"
"0x8720c6fdca61df631edddc047ac7ca4d7fec6918","0.065553266","No"
"0x8724d9928f2e0934aa0b2dbea6fbbf4b47067eeb","0.006740068","No"
"0x87e09111e4693a827f6f69c57061e63e459deed2","1.85239290476046","No"
"0x87e6e62ce206e958e5fe0694a279120a8f931df9","0.022568057","No"
"0x87fc16b1fe0d6d1d08b87ebc167f2a409d41d10c","0.287836044","No"
"0x882968342711ee15407559af44ef08a82be3fc6c","0.034123635","No"
"0x882a93a243b237f63c12ffde50213970b7ddfadb","0.190293972","No"
"0x88aaa7530805e3e137ea18c8fdd2bb9f9a04fd5e","0.076221139","No"
"0x88bf35340dfb941ba2055093c22b3bd57fe1d6fa","0.231536552","No"
"0x88cb56e334c629fe990bef7371a60b99da3eaed5","0.113186552","No"
"0x8976b2fde745d8857d7b953d9c85f011094a1838","0.734678943","No"
"0x89c009bfff6de97e404561331722c239ef25eb15","0.089327947","No"
"0x89f181605cb3c6c396eec10aed7435e1a3d1f273","4.00879926","No"
"0x89f5f71623b8ba06b934e8e59b5cb0bd1e8aca95","0.0821818580086656","No"
"0x8a6fc9cb94b0c74624598bfaf41bdd4d1b5a4091","0.068647066","No"
"0x8ac603beeda1543422c15d21b246e94be6973527","3.82010112460407","No"
"0x8b109dd7a3d3c01de8a535c9a31010573c492927","1.049539038","No"
"0x8c0eb869a6d784e14db0b482eaf38c3237afc8d3","0.458472368","No"
"0x8d053567142915cfe85ebd93d27a4296989ee29e","0.01694616","No"
"0x8d1f5f48955aa23d3a376e7e26ed60f8745a3220","0.144505134","No"
"0x8d89b6784394b4146912d909675cb31c90fcfe36","0.03783965","No"
"0x8db6de0a387c102b43b650aced65ac5acc3352a4","0.00985077","No"
"0x8e125507c3c2c85397515e308e374b15ead3e7ab","1.073928943","No"
"0x8e12fa4fe3fb6e7b6304a8f05b4cde243908fe91","0.889912846","No"
"0x8e9336f72d0a916a39c551900bb5326b8bf53f9c","0.174738781","No"
"0x8f43c54af7bf49ad0cc8e0a61978b4b223f38a9e","0.245385304","No"
"0x90454c7bb2fd459bbf7e49659930264ba17a952e","0.508034562","No"
"0x904f1bdff08dd6356e55d2b8a3a559064b674bc7","0.751284311","No"
"0x90ad4abac19154ee7c50ab6420f7b86889ea4189","0.186585356","No"
"0x91041fb738c4763a81bf3aa41a3bcc9e716e95e8","2.5","No"
"0x918d4f495661e425d9f9d4194e7d14c44f58c39e","0.083176425","No"
"0x918fbc0072d36ad73360d0632ce7060b0cf26f63","0.186793248","No"
"0x919ea849c1abd81741a5d252b402cb8a950a44f7","0.090715379","No"
"0x91ccabe7f2c20e8ab0e62495a648cb379a1b7a7f","0.249358916","No"
"0x92715ae68528ee28846d15c9c9e11e484b6d2b7e","0.341585872","No"
"0x92b2c4a7c1ba69d3f947f8cb1a993cc0642206c6","1.041161569","No"
"0x92da023cfceec6198340caf1069e28b6fb8744aa","7.101602005","No"
"0x935f880ed5ed62a02a77e73c63e9547c2ad6332b","0.065333229","No"
"0x93ed23b5dd4f23ccc01d6293fd7002c5738aca6b","0.058646677","No"
"0x947a4d313f77c9ce4e2a925edc714164696b8700","0.284845968","No"
"0x947c8482329770ff06acf513ac31446d2a757edd","0.173839295","No"
"0x953a2ec25686264bcca2d0d3fd70e4aec29cfda7","0.171595272","No"
"0x956231446dbf0e7dc84e36799576c2fcffbddb6f","0.064181129","No"
"0x9590f358e77ed7065fb2fb8b4f10a8da938203ba","0.064424105","No"
"0x9596d185ef05d4b1259c3a9cede3afe2a8be999b","0.08800723","No"
"0x963eb40ce7e818dd13e7e1ae1ff4c4a67abb08e8","0.326379396","No"
"0x966214be014b1254d3c28908644d513b9b86cd75","0.538441806","No"
"0x9670d81c4d2743f2e8d2e2b4b3afecb075039b7b","8.777269427","No"
"0x96754bed183a33fd09909dc08f06465e21ba600f","0.122771748","No"
"0x96f6f3cd676be751da44c6bcc2d1bed9a9301e4a","0.585848753","No"
"0x97a15544e403dd5ea791831a72693a9fbf3bb917","0.124961348","No"
"0x97b54d58a6234682bdd35bfc1e31a12948c89b89","0.957520427","No"
"0x983540a4b26ced8182f6488e3ee9f59b007f19f8","1.314352611","No"
"0x983e2b8c188a2ad6903bd0ab186098447b376559","0.067664524","No"
"0x9840ae1e125e4f9b1caf0c475d842d87a1594caf","0.016552592","No"
"0x9854fe7ce3b387eceae48e0935385919b7a91a0f","0.118225535","No"
"0x9912c2b99a85af1b78d9099b2f88c28d6b3bcbe1","0.157092806","No"
"0x9921ef08480ecd3a49a8479b027ac342cfd79f6a","0.127197944","No"
"0x995892e252a7b6aa06658dc25af1bb2961d6f1d9","0.162492344","No"
"0x9961efa923800bcc431b1f09a3d51b66677bc418","0.790967769","No"
"0x99b1266ea0b6f0a9a02b0749f6956ff62aa63d90","0.211133679112521","No"
"0x9a1415c218b1a279b6e78d7e44ae881809228498","0.15943423","No"
"0x9a6227d2f4abb884c836d50d281d869d6e5f946d","0.639575866","No"
"0x9aba736c756d1a7948ef92a8a2efa91a881f127e","0.209027211","No"
"0x9ac6090dc0e3a10dd718a18257ba1d1b7fe64af0","157.738861046441","No"
"0x9acb177c307fb6df4518f50ea763e988fd30952a","0.559849635","No"
"0x9ad5d89514d79202969900d988d55780538d7d40","3.02239425687195","No"
"0x9b3780d3e439650a16c78cba5f9b82b483eeaa81","1.73952699515192","No"
"0x9c22e2b1fd45eecfd837595021a369953895d5a6","0.3945517","No"
"0x9c503a4ed4728e65eed09706824dc8e3322649c4","0.089007342","No"
"0x9c60123f4d5a8baca81b3655d07a3eb05f68d244","0.456427554","No"
"0x9ca3eab5abe68d6a4f3f093ee5ccc7f26e4d457d","0.049799498","No"
"0x9ca4ae863022f5b21c9aa9ca8a6c08be53c7296c","0.163291661","No"
"0x9ce220897565228dd29d4809ba8ec46abf499303","0.040658889","No"
"0x9cf70b65908e63baaa6ef5a0e0efab3700a25087","0.554594561","No"
"0x9d7f0ce084a16592b21632369a7b24b965ef3775","0.0338322493852575","No"
"0x9d80e6e7bb40347ed2a841103c81412522821561","0.553195513","No"
"0x9e747ad25664f599529c193f93b3ef884b9839ab","0.054594545","No"
"0x9e74cbeef85211af6af1440581fece4fe26a03bf","0.243794828","No"
"0x9eaaedcfdaf6722817246441bc50f12f97bf186f","0.00433599","No"
"0x9eed0887f12b47f0465e7eaeb77c8a1829ffb5bf","0.041765786","No"
"0x9f2cbbb92d5651ad8b132c8dc95e70007d394edc","4.41096727572747","No"
"0x9fd7780115b421edf5eb041477061080d00da2c2","16.842441799","No"
"0x9ff831c43e04c26d1140952ebd4dda386154a7e8","0.048716174","No"
"0xa013b0b60c9ceca85ad8ac5e405e63509c8a5f82","0.81243329","No"
"0xa01603d3f142748b8ba1ba6a5815e9d5e72dee88","0.508451034","No"
"0xa07002de9faadbca30abb4e76211f0f493da4e53","4.430135703","No"
"0xa0b6fdc8448f689c51dc3db4362c6b2699f9e199","0.022598436","No"
"0xa0cc0b79f3067ae8a03581d6f147466354cd97fc","0.012932225","No"
"0xa0f64872cf89c513a077f9e6a3f54b26733631bc","0.414557352","No"
"0xa10bfe2462d47f51300fd84614cbea09745b57ef","0.0270658","No"
"0xa11599cca5e370fd5cc4e1afc7b8844fc78a31ad","0.289813318","No"
"0xa2082e6f1d84b8677fca667452f3f828dfdbbac0","0.434800918","No"
"0xa26c80fd65f933d51a6e6196dd720c3578645918","0.357532876","No"
"0xa26fdd69664dfe48715e74c0003e5143f767903c","0.046994489","No"
"0xa2d67fdea57abb64f69d4eb45f793472228b7276","0.11914294","No"
"0xa2e104612dc286f9215134222ed30afc56d54146","0.264452566","No"
"0xa32186e5bd772bbcd23d77d8463b7340a7b61406","0.114740107","No"
"0xa34bdbb9903008c411f099051e476095ce6d8e70","9.694792035","No"
"0xa3a88f79b9c5b0a5eab51dc5ef99e2691bbedbbc","0.118427877","No"
"0xa3a8ffc61d95b211fb1655900efeb4af9d1e07d3","0.520326431","No"
"0xa47d416c2a2ef1f3bb71b7658d686dce5921d559","0.019275664","No"
"0xa47ff4207a583855877150a32ef8ce59406e80c5","0.104379481","No"
"0xa481fa6c5dc57abc5692a10bbe5e2af7142ca06a","1.052907729","No"
"0xa4c10a4d9105d96f468024796a9a48e27b561fb9","0.039016297","No"
"0xa5267bb0806b03fe8b1dd5490c9ee14d170042a8","0.236745303","No"
"0xa53e4375cd04afc8b01b41441fda50b00a82e6ba","0.377844054579838","No"
"0xa55275f620162a24ee0a1671bb150ef3ad4d1e31","0.477050435","No"
"0xa55b524dbdd2d7080faadae7807cba904ef8a827","0.035250438","No"
"0xa57a82433cccb056dcafa3482c64792f45714bc8","0.775870379","No"
"0xa57fa36706b0cd1f5acf02f248ecb63c62ab8d9c","0.179870922","No"
"0xa590fd4ffd765557876fea3c6f17d72212a9cd9e","0.015377085","No"
"0xa5e530e5ad4d8c829c433984bae2da944edf2b5c","0.184562021","No"
"0xa615af97dcdd25bc0adbb7e55089273649e7c756","0.054714554","No"
"0xa6438c2d488aecdae4e610f36395552a274f3a99","0.15765405","No"
"0xa67e06311cb79272464dd0d81ed078f0e0818950","0.060177176","No"
"0xa6b272a95f284a092b91f39c52e277c03596907c","0.128961841","No"
"0xa6b386a81cabd272f6c2f65e65e17d958b8da881","0.141458895","No"
"0xa6c042f481f87f429980f1add558d30a3f565003","0.037056513","No"
"0xa6db7576484a634a87a7f51418f34c2ba39be7e3","0.051358313","No"
"0xa70080ba7055fc1c089f1e984bcdd20958394384","0.471770344","No"
"0xa733d84970a5a00671964793d333b3bfea681407","7.069721003","No"
"0xa73769aed346319287410811639ac3bec8464d55","0.461603963","No"
"0xa76fd0a69096c9d1885112c930a40d790268f09e","0.032069202","No"
"0xa77ae7ea150451a1354e1a52802028763753331c","0.025161264","No"
"0xa77e8e43dddd47bbee6ea37054555159a04a43f2","0.092797743","No"
"0xa78c720ffe7516e083347212aa8489db12d6e164","0.035509455","No"
"0xa7b5404d08568fd62bac18f2a1a7df72fd858012","0.57584941","No"
"0xa85faa597e92fd39a8cae740df2328e30fe67f88","0.027966573","No"
"0xa8fe2e3bfc595b5d55f219b2e7fdb99a8c1d0b46","0.533790513","No"
"0xa95771fd7c69d51d1a3d30bf8bd25299e9783dfb","0.060993877","No"
"0xa97a9e9c5a6a6866cef1730ba1af5f05ad653a01","1.426940094","No"
"0xa98a9f1b2ea5cc2dab5b1c13d5e7e2996af0eaba","0.324258057","No"
"0xa9c2202c364a75a0323d853aa1af135a5945ef25","0.151141189","No"
"0xaa040db4aa8e881728731b73a9022beb89491f31","0.223155619","No"
"0xaa65b673185456142c18371d0e704b2f715f08e1","0.299445552","No"
"0xaa7a7f75871be6a81bb6b002267f6f416c1e12a5","0.214193488","No"
"0xaa9467c20db177fc42bf557fd4e1e6cd902bce3e","0.043719012","No"
"0xab0a004222aecb8ac4c41af1741544c054865c64","1.432809614","No"
"0xab277a7e17353ee4a8628ac95f8ff7c2edc53d08","0.572762848","No"
"0xab3b619a997c152c833bf8ebc84053fc4b3d2575","0.016543449","No"
"0xabaa03844151735f9455d5f9ab02dab7d3d37724","0.677052074","No"
"0xac02e0b5cdc28df253d632ceed75909b6bf40893","2.70658","No"
"0xac11d1e5c352ff3279a2c61bbb8b9df94d8614fd","0.200737765","No"
"0xac5bc21c0772a7c5a7fe4703f8ab7975d3fe417e","0.900037799","No"
"0xacbeac521f94942cfeb06e9051cc4b6c8e0a3912","0.097211854","No"
"0xad0159bccf16eb6d4de33452d27ef961105c5505","1.138151731","No"
"0xad9e5339c0fb25a18a96fdad6f7735200c7c22b8","0.202274149","No"
"0xae493697fa97b632754ff7f0d905c282377ba1df","3.53298145","No"
"0xae692202ee5f80a1288b2f2d8cb1601262e86077","2.029066197","No"
"0xaf00caba915b9dfa51947de2881f8a615e41d8ff","0.994563371","No"
"0xaf0f5fc42372ac7d70c0aef11c0db75653a7f596","0.017866572","No"
"0xaf2e7312024dcd6713c5bdb855b8cf5c76086acb","0.033986883","No"
"0xaf54e38e0861904fe2b42854f77e3c15736740ed","0.723805187","No"
"0xaf839ce8880ae8b69ef8a70ce94f6131e4e23d47","0.182740626","No"
"0xaf866cee390b88e5766029506e0a65be79ea990a","0.032738406","No"
"0xb027eaad6e21348a5bb12c616b64ab98f303b589","1.639438125","No"
"0xb02e4b6f4d3be28d1d71ff66b8b5ee7097e089e1","3.198971771","No"
"0xb099b012769af34b380a510f15b9442171873263","0.014715203","No"
"0xb0f84e33b4cd05dda67349a55c626d9cab751704","0.721413518","No"
"0xb1bf4322e58db030997b91807bc3d4ae2c347062","0.154330992","No"
"0xb1e414d10a1dd8910f9a09018d3cbfb499b43d4c","0.227308411","No"
"0xb20acd29e75090a89f2311d48fe59f1ea531350b","0.0351138717937345","No"
"0xb275776c9e096e7b813d63bc06fd5fac6ce21dc1","1.149420571","No"
"0xb28d07f8b2831bf91e85e7412b84bc978b1f36a7","0.026103359","No"
"0xb2ae16c5f3e8000e51c6014e79bd60e2117a510a","60.7550102991768","No"
"0xb2c8a22e044f8c9857c9639246b47f6f5a1b60cc","0.060309196","No"
"0xb2d19782c3ed6118b5424aebba06fd44d6c18ded","0.209223676","No"
"0xb31bad2599188276f7b1e42819c9e9a82a3701c8","0.043174978","No"
"0xb34306610e73faacdde1cb7173fc4a3fbdfa886b","3.227464055","No"
"0xb37f62b3dc3a7c90a1163456fcc3dc842cfb84d5","0.092206712","No"
"0xb3f135d16c1760d5dc047184e6f7ffc3134711b4","0.442396498","No"
"0xb400026cb5321b57e3aec8406d4f2e5fcdc5a580","1.275753622","No"
"0xb40ec1348db6d180b75fbe5b696430cede12bdc2","0.046108544","No"
"0xb41615b2cf5e269cf19639bb38a5ee14def69285","0.314181486","No"
"0xb45d9733dd74afa79ece2ad593b44ec0399e4619","0.339785358","No"
"0xb4ae6ee2351d9eedd125ba29cece09309a408592","0.034239323","No"
"0xb5628cbcf02b66a98e3c2cbefc96a0e6739bc59a","0.072113175","No"
"0xb5c48e22e55d8524fdb714fd1224b7d34591965b","0.08840854","No"
"0xb5e1572b91a50c8462f1dcac04d8f12cad6d6a83","0.514738319992236","No"
"0xb65adf373884224fcb07c843f59f76de7904d978","0.182626216","No"
"0xb6f04f08274cc00b5a23a90af1839b58bffdb9d2","0.078111898","No"
"0xb74df68979c2eba2a8a25ad135a77611173b1b21","0.929047424917535","No"
"0xb7514a3ad0e334e580ba7816b28d8a3fa6bbf40d","0.104454803889197","No"
"0xb799dfa4ad5c38edef9cf197eefb7c3164d76b3d","0.460246405","No"
"0xb79a082b12b8e887014e85350bd13b379c0ce6c4","0.127254287","No"
"0xb7adff23ebb82e3080d46ef456330b28b0942ed5","7.37764898598946","No"
"0xb7b884d4c33f8c3c3aa4ca64916e8a50cb6de964","1.437266026","No"
"0xb80cdff148aea3e0674e6586fae740adb3038536","1.499683714","No"
"0xb82cee2b5fa554c3399d177cf0ef5ac1c56d45dd","0.387623945","No"
"0xb83e393ad68f3f61cd55e5164949860ec09c59d0","0.726622567","No"
"0xb86c7272b0bd201ca73a5810fa4e4a4b07d600aa","5.676556047","No"
"0xb8ed8f724e634457f46d7d1efa2c78b3bbf441a1","0.800079249557294","No"
"0xb90908e4e7033b4fce394f042ea46f1070ca22d7","0.739660249","No"
"0xb91d555597df16583f614b37874f40f5ecf150c9","0.103513979","No"
"0xb924284e7b4a0bc293b608438e379c1af27a13bf","0.303202967","No"
"0xb99aeee922341ccc01b788ef58e897e93d47a154","0.255609201","No"
"0xb9b51ae6ed9e042626c2208bae28f125338c2809","0.053073514","No"
"0xb9ec533a7a881d59353a180066c2c357810c23d8","2.000075","No"
"0xba2aeedca9ec9b9fd36d66723b5bbf41a2e31797","0.081213303","No"
"0xba3976ed8812b0ec43d48a95b12eab08f94b1299","0.223503874","No"
"0xba3c4be6c93b8c05dab57a73ebf2722e9516a8e4","3.945327291","No"
"0xba70ef12495944b6f08e9e78a17b9a4ec853ad97","0.296908132","No"
"0xbb028af7329f82186516697ee0246f83f903b23e","0.035298928","No"
"0xbb1ad1242da7ef686bb10396779355ba6c42113d","0.027357157","No"
"0xbb4e3fc85bd7c7ab41c359ae3af3460c760902ac","0.252575333","No"
"0xbba3e4d10929716c2e1001593aead19de86901fb","0.038659796","No"
"0xbc1ae888792a8298195d0ff2ccbf5c320e8650ac","0.849186743","No"
"0xbc4888f86ebbe2b57bd711dcb4d132ab70584ca1","0.93693568","No"
"0xbc4dbd7ce96f7edb8b682e821a1aac76771b1f94","0.214801573","No"
"0xbc6badc91a31752a46d17bebc66b881b78c2c771","0.089960535","No"
"0xbcc057efaf15bed78c9369a90fede7ee26a14725","0.014096005","No"
"0xbd34e97a477cb3b73ee51760d78cbca01bd53df5","0.013562055","No"
"0xbd821ee7e7755831f771b2f81b9f5aa94b5f8362","0.013651463","No"
"0xbd8ce20a7766f9df2ba6e1ee469c9c0f49c07047","0.510471268","No"
"0xbe37e0aa84bbca314ca362ec421468b5dc706d34","0.036019843","No"
"0xbe38d8649c101b1b84e59c5733e09c6b53d90f2e","6.23682367639336","No"
"0xbf6fe82217c878ec9c62bf6d3434cc632cd28924","5.636839952","No"
"0xbff7b2a69fa387b1c6e7f704d30b8b82645c21cb","0.216785054","No"
"0xc02b86b768301de377b37572c0fb2629c99b080a","0.144992418","No"
"0xc075b4afd820e717706af2a4493e33ab13e24143","0.0466935659096733","No"
"0xc07e4d54586707e34a1b1c35cfbd9835a2199960","0.009752299","No"
"0xc0849f11add3f7562e6675ec9899b21b565f1399","0.059221526","No"
"0xc09e59fe13815cf7e785eb2d1c34d4ae703a6257","0.690505632","No"
"0xc0a4f0fae87127a6ec4594e5b6c9106ac46c45dc","1.05522535","No"
"0xc111839fe3853ae552ecbb6a3abfde58acf7e7c4","0.220255596","No"
"0xc1706ec309ec8a63da854b58d15773ffdebb335a","0.053010361","No"
"0xc1d1cc2add1a2ae568080e36655a3cad4ba101d0","0.1","No"
"0xc1e65df711392bdfe8805380633f71f9e56d0067","0.031861118","No"
"0xc1ee68050b12531b977204e6911523b369c6b110","6.2930255268494","No"
"0xc20420853caa5bc5c8ea359599ee27e74c7a65d4","0.049925568","No"
"0xc279de38a6b5d70aab8c32a25eb00b454bb8336f","0.328688467679472","No"
"0xc29c363746e332750a92dc0af88220fc68ae0bd2","0.309914408","No"
"0xc2c444fd4567191a337900381c111a00336d2baf","0.078831975","No"
"0xc2cb073425e020fd827c81ae67b681f660df9f9a","0.075396207","No"
"0xc2f85f80fce9b122b8c0e1668749aea49e04ae8b","1.355566301","No"
"0xc2fa0593a1bccfb8a280e3cf034e0aa5473561d8","0.103848815","No"
"0xc349a7d9166c2b4048d1823b5543d940168304e2","5.231439097","No"
"0xc3f1f1980a9725717fa4c5018fcd349a550f0ea3","8.00003827","No"
"0xc408cb50020b27114a14f8c5d818cb0d26ac35c8","1.353262311","No"
"0xc4244dbc7b5e10327fe88f539429b515a243ad15","0.34161293819214","No"
"0xc4e4b25862388920e6539b8936d8400f04c41c76","0.043294058","No"
"0xc519f6e98bd661c3999dc6f051d9b3827ba436b8","0.248119928","No"
"0xc569ab213f4f7093bad7b0d84fd3f5f7bb2bc2d1","0.03023297","No"
"0xc573f15b39f6e19c2210fe38b258753e058a097a","1.282343174","No"
"0xc5c29f13f9cf1a228d5f5aa8716f0745fffa3468","0.092473828","No"
"0xc5f4a992f3ce1ab2a6dd373e10158de90b4685ee","0.094993206","No"
"0xc6a37968f10187d0bf1af15875d01f89943ad5dc","6.934217138","No"
"0xc6b0e9f498ade8ce1f4a88b0c8318563caf526d7","0.156132458","No"
"0xc6f9ccbd26eed734a15559841c23b697d9073e38","0.500098346","No"
"0xc777b8a1ff372ce7f08313b46229705a571a0924","0.001960735","No"
"0xc7ae7092cb7e7720072c7e56e4645b1eff155065","0.130246669","No"
"0xc7e027a1c4c8ae0126c3d62e71a984513ad5e0dd","0.483564549","No"
"0xc806bbbc44c4ccf2c86bd311df31778c05858124","0.016655621","No"
"0xc85840f2dd8184f78ccb429dc1b6ca82f00a07aa","0.200214949","No"
"0xc85fc20f13164e6027b4bf4c0614c14c5ba53fbb","0.094057128","No"
"0xc88d7eaf80c0e263349be1d87657f9f5aae3b0fa","0.095080398","No"
"0xc8a4df2960fe0ac1d6b296b7dbb95be63addaf97","0.147378574","No"
"0xc8b6a971e33ec6594755521f4ae92c6043869b93","0.040651319","No"
"0xc966ee5d42f0ba4da01f076940cd02542cdb7f8b","0.191207554","No"
"0xc9a3d1f558e3ce5c7cb5569625d13880645cca79","0.339471567","No"
"0xca6b9507e3ea3f57e5a9cc2ee3d96d83ae7e42ed","0.281608787","No"
"0xca7804afb0eab14911f6315f5d01f5fa90e756fb","0.033233709","No"
"0xcada1a8378ec627790433fcde0f2a06ec431d4c0","1.44127620080656","No"
"0xcb557b7bf068a3d26b145d362bc6ba1c364ebd74","0.283980777","No"
"0xcb6b998410eac63be2095e255e4b7c1d27bbc59f","0.207695706","No"
"0xcb85bf5787f7616315ced491d1c6a0589bc09178","0.552313312","No"
"0xcb9074defe67557f576225ee63c02ea4109f5303","0.336596405","No"
"0xcc60f720388551bc9159cfed814a15de2f49d1e9","2.842172789","No"
"0xcc67a42291b8de2cbdeafcf8e71e461b67e7d6d3","0.106765693","No"
"0xcd3d5d8e9ef8197df88fbe4c21c5ea08581a7933","0.394646501","No"
"0xcd5e5f1457486eb5a00238c7d4ab9a08aa15160b","0.407724427","No"
"0xcd77e36ea4f0acf5c8fc76dcbb613d1e3d3b52f1","1.072337055","No"
"0xcdac421a8c1187252e9a8c81359bd62e32687f57","1.293528668","No"
"0xcde2a9dca9c52e4a130a5a6dc3705ac26e1e74b2","0.180767389","No"
"0xce482d5da684ef91dbc7973312e8935fa8aa806d","7.563657847","No"
"0xceb5cea4fb1f00f4c1f1b95ee41c1dd4b957bda2","0.073414233","No"
"0xcedb73bcb6f521295fbd5c6ff83d6bb9611d5c0a","0.361726801","No"
"0xcedf4527df38d802be09e83bff6cfc805581f7a0","0.004175177","No"
"0xcf6856271014674306144d0c2e52c0fc2d0f895e","0.352717418","No"
"0xcfb5882900676ebf6ac5a50a2ebe7f995243f890","0.701887476","No"
"0xd0146cff2884e6d4a644a8712154ac1c8285d942","0.067728681","No"
"0xd06f165e7f7e4bfe8890042d0bea3faac19a3cb8","0.3483557497386","No"
"0xd0894afc4d9d4eace87f45928f55d073459a57b8","0.106475633","No"
"0xd0d071515c71e1009e31287f4225f2657dd419bf","0.039305963","No"
"0xd0ead61e5d36b72527e24022decf12643f20502d","0.119757649","No"
"0xd126a14c9b491b5285c16ed9fdc74544a83dd483","25.4761346","No"
"0xd1a76f3de4f553324bda1cdf3c73fdfcf02c8093","0.81387649","No"
"0xd1d54cfe2643b4dcb1f6adabe3b74a54f051a206","0.086072019","No"
"0xd230ab92940f3ef3ae06cd72c3c0ab2bc92d778d","0.038605824","No"
"0xd3319441e09101fa48debd7ef95df768aafb9794","0.022038635","No"
"0xd343b3b27139a558955d1a328fe47354afcc55cf","0.01387547","No"
"0xd3582814b0fb6eb5b17a01845ba1f9d8fca6e2eb","0.086080056","No"
"0xd4422822dc03d01c2c6e28e1911e048f4704c258","0.804493245","No"
"0xd4907cb46af531d87b708175170d82a1c667674c","0.122114042","No"
"0xd4acee56d6f8f6b07f71c0a7c8051265d964adbd","1.718856272","No"
"0xd4ba391e6fe557692fb588363f7fec764e756c87","0.072903361","No"
"0xd533c2fc6a89f4312e68bb1a37c57331228e96ed","2","No"
"0xd53988c4919ade29b0d908c849584a87fd9a1d52","0.599203953","No"
"0xd65df34cb573ce1e83778e32221823ce99f4e7b3","8.28383321727916","No"
"0xd6b82f9a10cb07cafea9c3409d056777b8a3f666","0.177409061","No"
"0xd6f073f2cd09f4951449101989e2c34bd8053366","3.283569436","No"
"0xd738d5b9b9f0c3c38919c1a7bfaa173e6143147f","0.276183341","No"
"0xd7b6e395d05f3ab7a7a7495f759a4a522a5e9086","1.086705996","No"
"0xd7d88a41fb90244ed3981fe08f93f62fa7fa2f40","0.616096161","No"
"0xd8d234a1eea9412287850d5b5e6a554d2335dc6b","1.129956826","No"
"0xd8fdfc9cb9d2aa1301218a057111134842227a8b","0.012278422","No"
"0xd90c8123f46d82d4975893f4d1067b519f6c372e","0.861096912763477","No"
"0xd97579c4f3f4e239774001d78dc6115b19221f72","0.033995013","No"
"0xd9be11c8c2e9aa179b1a172d754fb9d8b3c38983","0.0744257760500164","No"
"0xda0c58e6f381f92aa92004d3550e7343edfb80ff","0.088006614","No"
"0xda67e6d0562af7acd6bc03c7f3cf9a7c3e9723df","1.961697484","No"
"0xda7ec87a69465411129e5c2b9ced9c190e5b1260","0.128541229","No"
"0xdaa958235139105404e2f787ee88e00adc6709eb","0.645575256","No"
"0xdab5577cf362bebab1633324490122bc0ce7b565","0.127581366","No"
"0xdb6e4fc4055490da7ad442f683550c8f112f58d4","4.752829703","No"
"0xdb784de0c0aaf3cb5fd64f3c0552c9afc63804c6","0.993774674","No"
"0xdb968ba83200ae3cf39c673cea89e1a91d50d97f","0.185602345","No"
"0xdbc14f19e5897ef2556aaa86b370d0bc158f80ca","0.702700175","No"
"0xdbd02dd5215d44ca2e16d2dfee45e5c47ab06b03","0.039751345","No"
"0xdcf0af53982de3dc36be1168871bf5b3cd310a6b","0.124135881","No"
"0xdcf0fd9611028503c3765cd619dd33b2fbb03a0d","0.058880449","No"
"0xdd464965b4ea257bcd0db514c69e0b8fa99d3562","0.815859096","No"
"0xdd6fbb2b9d5e55062295ef372cdee9ae70da0242","0.185760332","No"
"0xde064281c59815f509a3b0014178628ff52f3efe","0.02481157","No"
"0xde8443ee81f036602a030a28b10bb349a703dc43","0.143213354","No"
"0xdee7a057b37edfb207d2f47633303bc6f6e19595","0.041642847","No"
"0xdf1d76aff94c110e71b31b000fb8df6dccad1737","0.162840259","No"
"0xdfdfd24f2b30365f104dbe3c78ec38b6b6dfe067","0.028162513","No"
"0xe08ce97b21d4d92871c00315fe9a984e879d7cbe","0.357735965","No"
"0xe0ba3b5993785177bab7eafa945eef46bb634131","18.12642117","No"
"0xe0eac1c31affe3c383744dc522d7e0a5093d63e6","2.23740868","No"
"0xe1735724a204d3cd1a31b2c78ce4f19f8ae9ea09","0.501744135","No"
"0xe17c18b29e8d0873c42952619b50ed4068dca16b","0.871997875","No"
"0xe1eef2fa8c7060d3a3bd9a49957dcd8de671068e","0.794159162","No"
"0xe2158ad35d28689e802be0117da25c1b538272c1","3.177864224","No"
"0xe253f019f51e3931c32cc6a9547d421000893b25","0.035432225","No"
"0xe25684c91cf468ac1af7297ab3af6235f1ca1dc3","0.414801562","No"
"0xe3b53b3f85cd62c4476c01e3a13205b92c0ad5fc","2.137434749","No"
"0xe3dd1d23febcf970f5220683741ced4f10558738","0.080304935","No"
"0xe480fe484f94ae31297c9dc74d1f884bc0985800","0.042792444","No"
"0xe499ae922b57a291643e9a973c67e7e63eaf9711","0.59876431","No"
"0xe4c2592d7095c54f9154143cc5778ab8bfd66f9e","4.432258831","No"
"0xe551df693b801ca2edb9001903be4039451d8e03","5.30964862707811","No"
"0xe580c0288acf6711ffc10da4a8e53726f1dccb69","1.966068975","No"
"0xe5b9ccbe9473be780fc896922a9b70f8f868bea3","1.27","No"
"0xe5d1abbf0d41e886208fccd51ad6a5a5930530fc","0.019860438","No"
"0xe5e6788cc3bf9d8c93df2c53a4fef6e4adbd0122","0.157455539","No"
"0xe5e8880fafb9497338831c484534db05e1d69698","20.78319605","No"
"0xe652e8c0fc53a1e4ef06944f00fcbcd8d3d477ba","0.12544087","No"
"0xe698a8ad6f0c78521bbe1d49b6001bbefa0a2b39","10.44437044","No"
"0xe6bf84a052e1adbc0c7f1539772b3d56cbf3e739","0.488425584","No"
"0xe6c6cea9be18b61470c8bd2f55d7b40f2c89c7d8","4.075190239","No"
"0xe714e57af2772991399bfb31441f7a165ec72884","0.657845936353137","No"
"0xe75eee2fdb33358c0198331d3bbcd563c1d94858","0.068158208","No"
"0xe78ba45cf48d270215c716c487ebf4ddc5b6b847","0.014041834","No"
"0xe7957a2bb048b70aacf8fc4bed2054f577303944","0.027373005","No"
"0xe79b6bf84b84f73a4130cf631d14e539f6275623","0.049462884","No"
"0xe7b19337d42cc95ba8449346be55cacf1800d2f2","0.283971367140323","No"
"0xe7ce48c72ca7130c1ba23e8d1bd71ba21a6c9f35","0.042293354","No"
"0xe7f7642a55e83dd200f8687ea410d09e9009501e","0.197682815","No"
"0xe83727e95a1a3148069a7a76d0a787040279ce0a","0.369021066","No"
"0xe8dc6baffc80597dee17ecc1793f3288e7470fdb","5.80089629600583","No"
"0xe96451df3564230aada3a7fec66dd743e981554b","0.077582927","No"
"0xe97412ec9f7335c64f2f48a222d37a717a9b3a86","0.025080906","No"
"0xe9c660ab387764b8b49852d848a5b4ce09fc9863","0.08226843","No"
"0xe9dcecc6949651af6dfd5a92cde46ffe16a6bf91","0.587894200345479","No"
"0xea760d3810ba94c9f27ffbf0b1f414ddac3bedb6","0.046600265","No"
"0xea9aa7a42f3525d8f48f6c2a2f29b33a42c1713b","0.612117654","No"
"0xeb0df967e107c7ddc9523955d76bc5e20ff540ec","0.170703415","No"
"0xeb5d6e4cefbcbaeaad485770ce69c89edd8471dd","0.067722982","No"
"0xec00d5764e3a968afabb95e68ed869a3ba39e59d","6.739081675","No"
"0xec0be2514eb5731a2beb5e205a0538e452cc97ae","0.375651567","No"
"0xec23b6e365918483c9c24363844d6222ea9a1f79","0.240643289","No"
"0xec4ef9c9c3539f28de77e512999910f239bed317","0.542840823","No"
"0xec79d4727cf1e44bb24ad88656a69110cf2321fb","0.068074508","No"
"0xecd0b8a0e4df6604d56bd62c5d6c910f717db328","5.46624964","No"
"0xed594e92ddb41448413152e9f000e62f518f697c","0.030071468","No"
"0xed5e2856f6d6bcbe644233544caace36a7254b42","0.327309182","No"
"0xedbfc1464dfd63286444a78367f177489893872f","0.93293912","No"
"0xee7ee50bcab7f072e04707728160c8ec31446490","1.6054127424692","No"
"0xeeb1438c6e5935c082ba5f1e0a7c16fc41508e4a","0.248557944","No"
"0xeec2e2f63ddfd8b267217e1437b8ea38037ed95c","0.528415335","No"
"0xeef8ab209ef6871ea1d1888abf40167a7841be80","0.090405413","No"
"0xef2d519d6e325b4357bb38e2714aa897211dc655","1.060694615","No"
"0xef2f5cb6bf3efb64751edbd24723d0c8f7e83292","0.153301244","No"
"0xef78be72198a4823333db56178d9106420b9361b","8.4637089","No"
"0xefee73f499e25c67146466b7e3c71226b3e5136f","0.282753678","No"
"0xf025196eea9c854fc9aea37b2eca2482c3966bc8","7.719938726","No"
"0xf04515481b77f74cbeab89b3618cf5ccde5876cb","0.048906843","No"
"0xf0e95465f4f009ff1811051849d4024769e84fc9","0.033771778","No"
"0xf0f0cdda65455e5b64db1898ba330dbe996b7958","0.490208205","No"
"0xf145577ad9173d2a2df11a88dfd9bf1c2d52eee9","0.169161534","No"
"0xf1774e90b5facb67a4d7221046cfdbee59ddd4f8","0.101440128796446","No"
"0xf1bd6db2a1178fe866f0422cfc51f56259d84403","0.027065787","No"
"0xf243076ad0a208474487b202bf05a3917be2b10b","0.058410201","No"
"0xf258c32069e40d2aadcb8788bc0f29884845aeba","0.5514949","No"
"0xf263442848bca6d637550c1384e54939176baf9d","0.318621904","No"
"0xf291d818652cc243b93841924e0f38b17f13340f","0.013542458","No"
"0xf2a7b5e5da1de544dfc06948376ced63c4aa61f5","0.577753929","No"
"0xf2eab8a39bf02d85b4eafb5e2c570dd4f515f090","0.564901636","No"
"0xf315b0edd2d875f0894b95af93c3065fe1f19616","0.13854436","No"
"0xf3222aa82041e32c948325e0c2b27cb90f9ed00b","0.221873552332941","No"
"0xf33d45d6899dca9a4a190fcb038ad520730d1d31","0.610818092","No"
"0xf3445eb87225e3e6e2a5e1747ae60d2169d4b1cd","0.111435752","No"
"0xf354ce75eee7532c548ee02a5a687b4f486e6396","0.015098304","No"
"0xf39152c7b614438eb83803bd09a29c50d8eace3d","0.017830294","No"
"0xf4191a70f778af88082125e3fe9bcfbfd8bae7b1","0.208200289","No"
"0xf4331a571ec19da398fa850e8677b5b7a7ee9596","0.107418009","No"
"0xf43ed11c675803d8a17dc1b67a3c8ccc35efd828","0.057978112","No"
"0xf44a423c374155c156431951b9c7d2d5496eeb3c","0.142287109","No"
"0xf50e16e74c46bd64998b4b2642a15c724e11a298","0.132621411","No"
"0xf56ebb26bfd8ebae44b2e9f33c4b0258146c408a","0.041639746","No"
"0xf599b8755655a42892ae10367ad646c237746e43","0.364835859","No"
"0xf5ee94260665f46ddb7d3746e3f180b6e1531160","1.22772631","No"
"0xf62e54df8e88730d8412320616b9ef7b0c07aa2e","0.141935902","No"
"0xf6787d0b15beca14b2ff49b43f31372c30dd7a21","0.019132576","No"
"0xf6c9b6b8b700906d43281ec485bee2139026cb27","2.9253776","No"
"0xf6d0e6ec460290b9bb23597515e1daad0044f269","0.159842369","No"
"0xf6fa7ab93298e46ad52422d9658211dbf17bde87","0.146612313","No"
"0xf73292e7e0202c83f7cb84194a90c1e0bf427790","0.239722686","No"
"0xf76fc255ac40aa4e4db858cb249d3e5fab41abf9","0.018615626","No"
"0xf83cbf4b6630e3708dfcfaddaed9248eed1d5475","0.222185437","No"
"0xf8c240967bfebec8163fe2873d768b174ce65296","1.346320309","No"
"0xf8c76ea3e96967e7c164a906df11db41c54f43ea","0.049114015","No"
"0xf96f81fdb421df973b13d39ad82a53312785cb90","1.193375288","No"
"0xf9706f4a9d8da547a7358ca21df8cd9013aaa895","0.221387216","No"
"0xfad69f954bdd6675c2d698e7e4aead6cdd89e424","0.617775346","No"
"0xfaf187b6578e9c97ad49f50a67882f007f6ba9c2","6.4046357950368","No"
"0xfb21d93acc9f48291428a67d650eb3cea6647c23","0.521100078","No"
"0xfb4964b341d8640bb36430ad5910d55697ec9deb","0.002457124","No"
"0xfb7f5f4c31c524ab6beccfc93de9484d3ad1ebcc","0.204486673","No"
"0xfb89a731b923205323699d8982abd3de5a593b9d","1.009231607","No"
"0xfb8b15aa2368f65bade7e3f6e1f164b95f567152","0.121258672","No"
"0xfbbd22505bb478dc05bd6b30375624591748427e","0.451873531","No"
"0xfbda4fd229dcac89f65d26fffb0ac6e9096a5383","0.05354201","No"
"0xfc1f13667c2cbc511a26e4986b535699dc9fa7e1","0.216918731","No"
"0xfd0bde5dd6941cc85dd47f53249d798498b62b39","0.921205442","No"
"0xfd2031bcfea885aef4437d9aa8995417b0a7fa45","3.719835811","No"
"0xfd2313d37e455e9b10ee6362ff507cc9ff101b82","0.302888518","No"
"0xfd7df04f13626ea13848a4ff208659adf29848fb","3.350483488","No"
"0xfdead31c27d1face97daecba53b13f9fe14155ac","0.465866592","No"
"0xfdefc184d60ca6ae5965fbcf0014e8f19f728095","0.183590699","No"
"0xfe19822d61c8052edd805fb9c2dfd1f933c7fd7a","0.16156268","No"
"0xfe57e9a5afc17a807113ec8faaf1d37cce1dd128","0.129030137","No"
"0xfed9148dd1bef9c69559bb4c22f212a5a8fe2cfd","0.27489273","No"
"0xfef00efb9a6f95875d0ee4a08b289d537a998c6a","0.456692558621172","No"
